artist,genre,release_year,streams_millions,danceability,energy,valence,tempo_bpm,loudness_db,acousticness,speechiness,instrumentalness,explicit,duration_seconds,hit
NewJeans,hip-hop,2023,9.7,0.602,0.873,0.173,88.9,-6.2,0.232,0.002,0.022,1,294,1
Dua Lipa,afrobeats,2023,10.9,0.513,0.772,0.493,141.2,-7.59,0.159,0.261,0.003,0,156,1
NewJeans,country,2024,3.8,0.426,0.671,0.675,136.6,-9.38,0.362,0.02,0.04,0,207,1
Post Malone,k-pop,2024,17.6,0.596,0.948,0.777,170.4,-2.64,0.118,0.152,0.057,1,191,1
SZA,country,2024,36.1,0.941,0.723,0.378,170.9,-7.09,0.132,0.223,0.004,0,226,1
Kendrick Lamar,dance/edm,2022,22.1,0.91,0.537,0.269,84.8,-13.97,0.124,0.178,0.07,0,278,1
Burna Boy,k-pop,2024,336.1,0.816,0.545,0.654,145.4,-10.23,0.107,0.003,0.06,0,157,1
Harry Styles,k-pop,2022,18.1,0.448,0.4,0.69,96.7,-8.14,0.038,0.056,0.001,1,279,1
Sabrina Carpenter,r&b,2024,85.6,0.161,0.247,0.243,154.9,-2.89,0.076,0.055,0.037,0,180,1
Lizzo,indie,2022,221.0,0.813,0.838,0.439,78.8,-2.36,0.125,0.128,0.062,0,251,1
Peso Pluma,latin,2023,15.0,0.583,0.426,0.455,80.3,-8.95,0.154,0.215,0.033,0,161,1
NewJeans,r&b,2023,4.4,0.437,0.319,0.706,65.7,-4.99,0.392,0.186,0.061,1,280,0
Lizzo,dance/edm,2023,147.9,0.733,0.507,0.648,149.8,-13.23,0.205,0.095,0.112,0,230,1
Post Malone,k-pop,2023,56.9,0.803,0.524,0.341,129.1,-3.12,0.464,0.061,0.177,0,160,1
Harry Styles,latin,2023,33.7,0.682,0.404,0.749,154.8,-12.63,0.532,0.342,0.127,1,150,1
Morgan Wallen,country,2023,21.5,0.471,0.574,0.374,117.3,-5.23,0.134,0.055,0.11,1,161,1
Billie Eilish,country,2023,9.1,0.863,0.553,0.545,97.5,-10.98,0.125,0.038,0.07,0,198,1
Peso Pluma,country,2024,78.9,0.729,0.747,0.41,162.3,-2.61,0.049,0.131,0.193,0,285,1
Ice Spice,latin,2023,25.1,0.776,0.362,0.25,73.5,-11.2,0.114,0.064,0.004,1,213,1
Sabrina Carpenter,country,2024,139.0,0.408,0.775,0.927,163.6,-7.09,0.303,0.117,0.013,0,309,1
Zach Bryan,hip-hop,2024,1.5,0.651,0.709,0.382,89.4,-7.41,0.11,0.036,0.045,0,263,1
Sabrina Carpenter,r&b,2024,25.6,0.864,0.533,0.601,148.7,-7.14,0.266,0.261,0.22,1,165,1
Harry Styles,pop,2023,8.0,0.704,0.681,0.376,110.6,-10.2,0.582,0.475,0.008,0,317,1
Post Malone,r&b,2023,69.2,0.525,0.531,0.63,120.1,-6.0,0.268,0.183,0.043,0,308,1
Taylor Swift,latin,2024,8.8,0.662,0.612,0.593,152.9,-12.92,0.213,0.142,0.156,0,215,1
Morgan Wallen,dance/edm,2024,11.6,0.634,0.875,0.462,171.5,-12.37,0.156,0.15,0.009,1,148,1
Taylor Swift,indie,2024,140.4,0.52,0.726,0.615,136.7,-13.74,0.154,0.029,0.019,0,309,1
Burna Boy,r&b,2023,37.2,0.682,0.435,0.427,174.1,-6.09,0.343,0.026,0.045,1,289,1
Drake,rock,2023,5.0,0.303,0.828,0.387,76.4,-8.88,0.463,0.028,0.076,1,283,1
Dua Lipa,dance/edm,2022,5.5,0.705,0.854,0.407,166.4,-2.31,0.417,0.049,0.091,1,242,1
Lil Baby,rock,2023,47.7,0.788,0.428,0.456,78.3,-5.86,0.339,0.034,0.041,0,173,1
Miley Cyrus,rock,2022,5.3,0.539,0.623,0.171,158.5,-13.08,0.415,0.071,0.011,0,307,0
Billie Eilish,country,2023,16.4,0.696,0.64,0.34,107.2,-13.11,0.244,0.311,0.036,1,150,1
Billie Eilish,pop,2023,2.4,0.476,0.763,0.413,71.3,-6.43,0.146,0.086,0.074,0,161,0
Sabrina Carpenter,k-pop,2024,5.7,0.535,0.621,0.529,159.6,-7.91,0.245,0.236,0.049,0,233,1
Post Malone,latin,2022,24.8,0.532,0.411,0.537,181.0,-4.2,0.067,0.015,0.128,0,251,1
Harry Styles,latin,2022,17.8,0.814,0.494,0.199,156.1,-8.37,0.427,0.137,0.014,1,156,1
Billie Eilish,pop,2023,98.7,0.78,0.708,0.479,121.4,-6.37,0.02,0.152,0.004,0,315,1
Bad Bunny,hip-hop,2022,38.0,0.957,0.796,0.466,142.6,-10.57,0.23,0.135,0.028,0,248,1
Zach Bryan,indie,2023,118.1,0.711,0.911,0.541,178.7,-13.1,0.219,0.136,0.037,1,234,1
The Weeknd,indie,2024,113.4,0.804,0.748,0.409,99.3,-3.0,0.14,0.013,0.058,1,180,1
Zach Bryan,latin,2023,64.0,0.798,0.687,0.531,80.0,-10.2,0.047,0.249,0.108,0,181,1
Doja Cat,dance/edm,2023,23.9,0.902,0.789,0.234,166.1,-7.24,0.03,0.175,0.21,1,216,1
NewJeans,afrobeats,2023,5.3,0.681,0.413,0.482,81.9,-13.39,0.102,0.026,0.009,0,289,1
Zach Bryan,country,2022,26.4,0.69,0.856,0.489,131.0,-4.1,0.448,0.084,0.012,0,149,1
Lil Baby,r&b,2022,48.6,0.835,0.769,0.608,109.2,-5.91,0.449,0.29,0.092,1,237,1
Lil Baby,hip-hop,2023,19.1,0.651,0.433,0.594,132.3,-2.02,0.213,0.187,0.025,0,216,1
Harry Styles,country,2022,142.9,0.773,0.768,0.626,122.5,-11.58,0.202,0.231,0.053,0,260,1
Jung Kook,country,2024,7.3,0.632,0.383,0.87,86.1,-2.96,0.092,0.16,0.14,0,181,1
Jung Kook,afrobeats,2024,97.9,0.711,0.665,0.276,65.8,-9.4,0.246,0.182,0.086,1,320,1
Billie Eilish,indie,2024,5.5,0.896,0.741,0.412,94.7,-4.94,0.37,0.015,0.015,0,192,0
Ice Spice,k-pop,2022,76.8,0.661,0.691,0.447,172.3,-2.17,0.315,0.125,0.187,1,278,1
Billie Eilish,rock,2023,19.5,0.958,0.664,0.484,152.0,-12.65,0.378,0.013,0.02,1,287,1
Ice Spice,k-pop,2022,28.1,0.888,0.724,0.357,115.0,-12.21,0.179,0.048,0.092,0,305,1
Morgan Wallen,latin,2024,22.1,0.425,0.339,0.519,154.6,-4.95,0.449,0.055,0.024,1,260,1
Billie Eilish,r&b,2022,44.2,0.343,0.678,0.264,151.8,-5.12,0.248,0.093,0.205,0,311,1
Ice Spice,pop,2024,8.6,0.889,0.803,0.132,125.3,-5.63,0.29,0.126,0.044,0,160,1
Dua Lipa,country,2023,44.9,0.633,0.845,0.097,122.1,-13.44,0.024,0.01,0.055,0,159,1
Bad Bunny,k-pop,2022,60.3,0.85,0.723,0.535,123.9,-9.73,0.529,0.472,0.085,0,167,1
Billie Eilish,r&b,2023,51.6,0.689,0.354,0.357,184.1,-11.09,0.351,0.089,0.022,1,300,1
Billie Eilish,dance/edm,2024,212.2,0.837,0.756,0.742,103.3,-5.18,0.224,0.072,0.015,0,214,1
Lizzo,dance/edm,2022,11.4,0.501,0.391,0.413,159.9,-9.69,0.231,0.167,0.093,1,250,1
Dua Lipa,k-pop,2023,25.0,0.848,0.503,0.661,152.6,-9.82,0.156,0.023,0.004,1,202,1
Morgan Wallen,r&b,2023,55.5,0.661,0.733,0.562,129.4,-9.61,0.081,0.148,0.066,1,297,1
Lizzo,dance/edm,2023,9.4,0.783,0.684,0.687,87.5,-3.9,0.404,0.169,0.098,1,196,1
Zach Bryan,country,2023,12.2,0.897,0.642,0.749,119.0,-9.82,0.104,0.327,0.025,0,211,1
Tyler the Creator,hip-hop,2022,79.7,0.624,0.421,0.428,112.1,-12.29,0.343,0.343,0.062,0,288,1
SZA,indie,2023,2.1,0.85,0.806,0.332,172.3,-4.85,0.036,0.061,0.02,0,232,1
The Weeknd,pop,2024,28.5,0.572,0.839,0.771,111.0,-5.23,0.041,0.047,0.001,1,300,1
Post Malone,r&b,2022,185.1,0.826,0.658,0.475,147.9,-3.83,0.318,0.022,0.068,1,221,1
Tyler the Creator,k-pop,2023,42.3,0.854,0.359,0.406,129.4,-6.61,0.131,0.064,0.005,1,154,1
SZA,r&b,2024,1.0,0.44,0.853,0.413,68.5,-4.31,0.1,0.021,0.072,0,286,1
Taylor Swift,pop,2024,12.0,0.594,0.429,0.248,86.5,-4.35,0.061,0.071,0.077,0,190,0
Morgan Wallen,indie,2024,17.2,0.939,0.803,0.333,127.4,-5.59,0.314,0.056,0.056,1,319,1
Miley Cyrus,hip-hop,2022,70.5,0.658,0.586,0.563,90.8,-3.72,0.19,0.245,0.166,1,196,1
Ice Spice,afrobeats,2024,74.8,0.841,0.932,0.198,68.5,-5.8,0.139,0.221,0.105,0,191,1
Lil Baby,pop,2023,16.3,0.681,0.774,0.25,181.9,-12.8,0.224,0.019,0.131,1,185,1
Kendrick Lamar,indie,2024,23.1,0.735,0.741,0.71,175.3,-3.87,0.203,0.444,0.062,0,180,1
Lizzo,indie,2022,7.8,0.482,0.687,0.622,178.9,-2.62,0.161,0.23,0.018,1,254,1
Lizzo,pop,2023,4.0,0.527,0.656,0.638,92.1,-8.58,0.038,0.014,0.075,0,224,1
Miley Cyrus,k-pop,2022,1.7,0.777,0.807,0.394,89.0,-13.69,0.18,0.071,0.008,1,234,1
Olivia Rodrigo,pop,2024,160.6,0.836,0.61,0.22,147.4,-2.76,0.329,0.151,0.017,0,160,1
Dua Lipa,indie,2022,61.7,0.961,0.689,0.655,115.4,-9.03,0.056,0.022,0.046,1,149,1
Zach Bryan,indie,2023,12.0,0.776,0.401,0.6,92.4,-10.39,0.45,0.186,0.042,0,154,1
NewJeans,rock,2024,16.2,0.755,0.492,0.608,68.7,-9.53,0.172,0.049,0.105,0,286,1
Lil Baby,rock,2024,90.7,0.73,0.623,0.363,120.1,-11.38,0.123,0.002,0.023,0,210,1
Tyler the Creator,dance/edm,2022,64.2,0.749,0.793,0.386,184.4,-4.21,0.127,0.138,0.013,0,260,1
Bad Bunny,indie,2024,30.2,0.864,0.648,0.772,134.6,-6.55,0.35,0.237,0.298,0,193,1
Morgan Wallen,r&b,2023,140.2,0.785,0.728,0.097,94.9,-5.68,0.182,0.046,0.091,1,174,1
Olivia Rodrigo,latin,2024,32.7,0.659,0.45,0.64,121.9,-12.16,0.416,0.192,0.188,0,169,1
Burna Boy,k-pop,2022,1.2,0.664,0.873,0.778,173.6,-6.27,0.272,0.249,0.091,1,151,1
Lizzo,dance/edm,2022,163.3,0.794,0.694,0.579,84.1,-9.01,0.233,0.197,0.141,0,220,1
Kendrick Lamar,afrobeats,2023,101.9,0.767,0.541,0.747,172.0,-6.65,0.013,0.1,0.039,1,236,1
Zach Bryan,country,2024,127.8,0.708,0.469,0.535,119.7,-9.91,0.339,0.245,0.074,0,230,1
Burna Boy,indie,2023,3.1,0.895,0.868,0.387,158.8,-5.4,0.028,0.176,0.278,0,152,1
Ice Spice,indie,2024,202.4,0.562,0.858,0.344,149.2,-3.67,0.322,0.214,0.226,0,317,1
Ice Spice,country,2024,137.7,0.625,0.82,0.137,147.0,-12.24,0.065,0.075,0.082,0,270,1
NewJeans,pop,2022,295.6,0.496,0.74,0.384,100.3,-11.87,0.464,0.085,0.084,1,179,1
Ice Spice,afrobeats,2024,147.2,0.671,0.368,0.686,113.4,-9.81,0.159,0.394,0.02,0,150,1
Doja Cat,dance/edm,2024,8.9,0.267,0.714,0.661,157.8,-7.6,0.266,0.291,0.124,1,158,1
Ice Spice,pop,2024,3.4,0.344,0.752,0.887,129.2,-6.3,0.273,0.029,0.047,0,241,1
Post Malone,dance/edm,2022,1016.2,0.594,0.542,0.423,106.3,-9.05,0.443,0.026,0.177,0,165,1
Ice Spice,r&b,2022,78.2,0.844,0.572,0.561,180.0,-11.98,0.113,0.052,0.054,0,167,1
Miley Cyrus,latin,2022,6.6,0.946,0.346,0.532,108.9,-11.32,0.489,0.134,0.104,0,271,1
Kendrick Lamar,r&b,2024,89.8,0.831,0.672,0.414,119.6,-13.44,0.246,0.086,0.032,0,236,1
Taylor Swift,afrobeats,2023,52.9,0.351,0.795,0.472,104.6,-12.64,0.308,0.154,0.012,0,182,1
Tyler the Creator,dance/edm,2022,35.9,0.751,0.542,0.719,175.7,-6.84,0.044,0.205,0.151,0,170,1
Ice Spice,rock,2023,7.2,0.939,0.343,0.411,76.7,-12.39,0.128,0.03,0.009,0,179,0
Burna Boy,rock,2023,15.3,0.857,0.608,0.797,79.3,-11.24,0.607,0.286,0.005,1,177,1
Lizzo,pop,2023,47.8,0.813,0.821,0.791,176.7,-7.78,0.098,0.206,0.336,0,311,1
Post Malone,hip-hop,2022,14.7,0.74,0.75,0.599,126.6,-10.91,0.325,0.116,0.096,1,263,1
Drake,k-pop,2024,108.5,0.826,0.655,0.472,86.9,-5.05,0.476,0.034,0.16,1,266,1
SZA,country,2022,139.3,0.374,0.791,0.493,177.8,-13.61,0.113,0.033,0.094,0,206,1
Lil Baby,country,2023,41.8,0.543,0.543,0.481,131.6,-3.72,0.073,0.005,0.075,0,204,1
NewJeans,r&b,2023,20.7,0.513,0.664,0.812,142.9,-11.91,0.262,0.08,0.011,1,286,1
NewJeans,dance/edm,2023,16.0,0.812,0.6,0.608,154.3,-5.0,0.2,0.091,0.419,0,239,1
Lil Baby,r&b,2023,12.9,0.911,0.587,0.384,136.7,-6.43,0.301,0.068,0.052,0,140,1
Doja Cat,country,2023,74.6,0.466,0.634,0.664,115.7,-11.13,0.3,0.045,0.18,1,298,1
Drake,pop,2023,12.4,0.926,0.56,0.24,109.6,-5.64,0.122,0.119,0.015,1,193,1
Sabrina Carpenter,k-pop,2022,380.5,0.649,0.869,0.723,79.4,-4.53,0.395,0.011,0.127,1,167,1
Ice Spice,latin,2024,125.4,0.286,0.298,0.476,121.2,-3.59,0.409,0.108,0.11,1,298,1
The Weeknd,rock,2022,9.8,0.725,0.474,0.455,91.5,-5.39,0.011,0.156,0.115,1,217,1
Lizzo,latin,2024,27.7,0.711,0.529,0.333,144.8,-3.41,0.099,0.037,0.034,0,222,1
NewJeans,pop,2024,68.5,0.806,0.87,0.565,176.1,-12.14,0.053,0.181,0.083,0,316,1
Billie Eilish,dance/edm,2023,21.2,0.528,0.516,0.821,103.3,-7.22,0.241,0.411,0.156,0,152,1
Sabrina Carpenter,country,2022,51.9,0.653,0.77,0.559,106.8,-10.15,0.341,0.192,0.003,0,161,1
Bad Bunny,country,2023,30.6,0.714,0.794,0.111,85.4,-10.59,0.666,0.003,0.057,0,237,1
Ice Spice,r&b,2023,15.5,0.577,0.42,0.673,182.4,-10.69,0.049,0.122,0.05,1,246,0
Burna Boy,r&b,2022,58.0,0.592,0.849,0.821,178.8,-12.58,0.112,0.053,0.217,0,187,1
Ice Spice,latin,2023,273.7,0.873,0.457,0.35,92.2,-9.1,0.439,0.122,0.035,1,220,1
Lil Baby,k-pop,2023,5.5,0.77,0.893,0.764,171.1,-4.72,0.174,0.234,0.008,1,318,1
Taylor Swift,latin,2022,32.8,0.537,0.602,0.183,138.4,-12.08,0.369,0.044,0.246,1,191,1
The Weeknd,afrobeats,2023,6.1,0.777,0.629,0.807,143.4,-13.56,0.157,0.175,0.045,0,216,1
Doja Cat,dance/edm,2024,191.2,0.809,0.643,0.449,166.7,-10.88,0.272,0.158,0.011,1,193,1
Ice Spice,indie,2024,50.2,0.973,0.627,0.479,68.5,-11.89,0.125,0.327,0.152,1,245,1
Taylor Swift,k-pop,2024,152.9,0.5,0.536,0.467,79.0,-4.61,0.112,0.023,0.029,0,149,1
Post Malone,country,2022,34.3,0.752,0.401,0.401,78.9,-10.27,0.022,0.005,0.022,1,311,1
Jung Kook,k-pop,2023,52.1,0.54,0.454,0.488,77.7,-13.35,0.176,0.132,0.083,1,259,1
Dua Lipa,country,2023,1452.1,0.871,0.694,0.503,72.8,-12.65,0.278,0.176,0.009,0,258,1
Burna Boy,hip-hop,2024,28.9,0.619,0.57,0.581,120.5,-7.34,0.043,0.211,0.102,0,177,1
Bad Bunny,afrobeats,2023,49.6,0.516,0.715,0.362,72.5,-3.19,0.417,0.007,0.101,0,184,1
Olivia Rodrigo,pop,2022,90.1,0.486,0.281,0.738,163.4,-9.38,0.391,0.311,0.068,1,316,1
Jung Kook,country,2022,179.9,0.664,0.58,0.466,129.2,-13.87,0.193,0.101,0.084,1,206,1
Ice Spice,country,2023,30.2,0.768,0.378,0.591,123.2,-4.41,0.053,0.147,0.03,0,182,1
Burna Boy,latin,2024,43.0,0.692,0.388,0.665,111.9,-4.72,0.366,0.111,0.129,0,196,1
Olivia Rodrigo,latin,2024,7.8,0.698,0.376,0.413,157.4,-10.12,0.478,0.059,0.016,1,195,1
Tyler the Creator,hip-hop,2024,1045.2,0.971,0.527,0.607,152.3,-4.25,0.053,0.168,0.005,0,257,1
Kendrick Lamar,latin,2022,3.9,0.865,0.64,0.385,180.8,-4.26,0.12,0.046,0.142,0,158,1
Miley Cyrus,afrobeats,2024,13.3,0.731,0.211,0.331,91.5,-4.35,0.237,0.113,0.1,0,176,1
Post Malone,pop,2022,35.5,0.495,0.413,0.601,82.2,-10.75,0.304,0.156,0.148,1,189,1
Doja Cat,k-pop,2023,6.5,0.652,0.562,0.631,90.2,-10.98,0.309,0.02,0.093,0,288,1
Ice Spice,latin,2024,239.6,0.712,0.791,0.678,140.8,-2.29,0.08,0.032,0.022,1,303,1
Morgan Wallen,latin,2024,13.4,0.539,0.747,0.686,172.0,-6.9,0.337,0.01,0.088,0,282,1
Drake,hip-hop,2023,124.8,0.62,0.816,0.29,65.2,-6.47,0.171,0.255,0.016,0,154,1
Lil Baby,hip-hop,2024,114.9,0.93,0.641,0.291,153.5,-4.97,0.459,0.241,0.048,0,276,1
Sabrina Carpenter,hip-hop,2023,429.9,0.856,0.757,0.462,179.3,-13.73,0.208,0.004,0.031,1,264,1
Taylor Swift,country,2023,29.2,0.776,0.36,0.24,145.0,-12.16,0.198,0.184,0.036,0,146,1
Harry Styles,k-pop,2023,15.8,0.849,0.356,0.567,118.5,-12.89,0.035,0.007,0.007,0,294,1
SZA,indie,2023,60.9,0.756,0.737,0.64,152.4,-3.23,0.26,0.038,0.076,1,209,1
Lil Baby,rock,2022,8.7,0.603,0.784,0.486,86.5,-3.12,0.455,0.09,0.137,0,206,1
Zach Bryan,r&b,2022,132.3,0.741,0.799,0.514,103.7,-10.21,0.58,0.098,0.015,0,181,1
Peso Pluma,k-pop,2022,55.0,0.601,0.759,0.629,148.3,-5.74,0.103,0.006,0.002,0,204,1
Drake,r&b,2023,85.8,0.898,0.602,0.636,163.4,-4.84,0.191,0.168,0.007,0,271,1
Miley Cyrus,hip-hop,2024,6.7,0.771,0.57,0.563,165.9,-8.29,0.51,0.029,0.166,0,248,1
Taylor Swift,afrobeats,2023,132.5,0.562,0.652,0.627,124.7,-6.46,0.373,0.059,0.083,0,309,1
Taylor Swift,pop,2024,9.9,0.895,0.703,0.419,131.5,-7.53,0.326,0.067,0.128,1,172,1
Bad Bunny,indie,2023,25.5,0.915,0.771,0.678,115.7,-7.82,0.2,0.087,0.045,0,310,1
Ice Spice,k-pop,2023,11.3,0.727,0.7,0.379,106.7,-13.08,0.176,0.047,0.137,0,267,1
Olivia Rodrigo,afrobeats,2024,12.1,0.957,0.468,0.486,141.1,-3.85,0.203,0.08,0.136,1,248,1
Harry Styles,k-pop,2024,387.2,0.934,0.202,0.387,178.2,-5.31,0.056,0.07,0.035,0,289,1
SZA,latin,2023,16.6,0.72,0.648,0.894,137.7,-3.9,0.27,0.065,0.027,1,253,1
Doja Cat,country,2022,4.0,0.601,0.173,0.311,170.2,-4.16,0.47,0.14,0.004,1,304,0
Drake,afrobeats,2023,1.2,0.519,0.554,0.654,96.3,-5.75,0.591,0.02,0.011,1,300,1
Miley Cyrus,rock,2023,29.0,0.889,0.88,0.462,91.9,-11.56,0.147,0.031,0.023,0,207,1
Doja Cat,country,2023,11.8,0.273,0.634,0.518,176.7,-8.35,0.134,0.266,0.121,0,185,0
Kendrick Lamar,k-pop,2022,12.0,0.782,0.719,0.583,176.2,-7.8,0.151,0.204,0.069,0,266,1
Burna Boy,country,2024,22.9,0.902,0.47,0.526,115.0,-13.08,0.352,0.046,0.023,1,256,1
Peso Pluma,country,2023,8.9,0.521,0.887,0.695,110.8,-9.21,0.063,0.391,0.034,1,173,1
The Weeknd,country,2022,8.1,0.806,0.467,0.554,146.2,-6.23,0.356,0.036,0.034,0,285,1
Tyler the Creator,country,2024,28.9,0.854,0.641,0.381,170.2,-10.43,0.233,0.085,0.07,0,183,1
Morgan Wallen,afrobeats,2024,5.5,0.597,0.601,0.401,148.5,-11.74,0.041,0.372,0.15,0,179,1
Peso Pluma,latin,2024,8.3,0.707,0.447,0.388,69.4,-9.2,0.113,0.201,0.218,1,254,1
Tyler the Creator,country,2024,22.3,0.807,0.35,0.223,165.0,-5.92,0.28,0.147,0.015,0,246,1
Doja Cat,r&b,2024,3.2,0.596,0.696,0.354,157.4,-7.32,0.459,0.205,0.03,1,267,1
Lil Baby,r&b,2023,7.7,0.959,0.772,0.544,155.4,-7.64,0.106,0.104,0.094,0,182,1
Taylor Swift,k-pop,2023,62.2,0.882,0.698,0.25,139.2,-8.69,0.135,0.118,0.056,0,219,1
Harry Styles,k-pop,2023,27.1,0.582,0.304,0.385,153.4,-8.56,0.288,0.271,0.072,1,232,1
Post Malone,r&b,2023,10.7,0.767,0.694,0.526,123.7,-2.32,0.127,0.036,0.04,1,150,1
Ice Spice,dance/edm,2024,13.3,0.84,0.682,0.89,73.1,-13.46,0.233,0.136,0.094,1,162,1
Ice Spice,pop,2024,39.6,0.797,0.737,0.781,88.1,-6.58,0.254,0.188,0.036,0,320,1
The Weeknd,afrobeats,2024,77.1,0.665,0.888,0.549,157.2,-12.15,0.065,0.104,0.014,0,201,1
The Weeknd,dance/edm,2023,16.8,0.555,0.708,0.679,141.3,-11.56,0.165,0.192,0.072,0,276,1
Dua Lipa,r&b,2023,17.5,0.774,0.723,0.524,90.3,-2.49,0.252,0.155,0.005,0,311,1
Miley Cyrus,r&b,2024,42.8,0.855,0.134,0.433,162.0,-11.35,0.022,0.002,0.026,0,284,1
Taylor Swift,r&b,2023,4.4,0.53,0.878,0.498,65.2,-8.87,0.217,0.028,0.003,1,276,1
The Weeknd,latin,2022,49.5,0.734,0.669,0.617,77.9,-11.14,0.192,0.166,0.009,0,172,1
Harry Styles,pop,2023,8.9,0.782,0.665,0.067,139.3,-9.92,0.298,0.129,0.059,0,298,1
Taylor Swift,k-pop,2024,177.1,0.753,0.523,0.122,115.6,-11.66,0.068,0.245,0.199,0,256,1
The Weeknd,latin,2024,59.6,0.875,0.552,0.52,82.1,-8.72,0.347,0.06,0.011,0,185,1
Kendrick Lamar,indie,2024,17.3,0.537,0.708,0.09,88.0,-9.46,0.364,0.03,0.003,1,289,1
Doja Cat,afrobeats,2023,4.8,0.352,0.635,0.344,97.2,-9.19,0.045,0.058,0.203,0,161,1
Miley Cyrus,rock,2024,23.7,0.762,0.554,0.326,130.6,-13.06,0.229,0.127,0.081,0,294,1
Jung Kook,pop,2023,190.3,0.754,0.701,0.641,102.6,-11.75,0.523,0.144,0.386,1,226,1
Harry Styles,indie,2022,34.7,0.952,0.852,0.502,104.5,-2.46,0.432,0.036,0.024,0,256,1
Burna Boy,rock,2023,26.8,0.568,0.54,0.553,135.5,-7.97,0.56,0.091,0.155,1,216,1
Drake,rock,2023,25.6,0.848,0.708,0.49,148.8,-5.33,0.198,0.097,0.081,1,237,1
Drake,pop,2024,23.9,0.834,0.835,0.613,84.4,-3.94,0.439,0.04,0.063,0,152,1
Olivia Rodrigo,afrobeats,2024,1.7,0.174,0.806,0.481,160.6,-4.03,0.098,0.106,0.079,0,242,0
Morgan Wallen,afrobeats,2022,12.8,0.814,0.847,0.292,148.6,-5.87,0.093,0.071,0.099,1,199,1
Billie Eilish,afrobeats,2022,5.9,0.526,0.703,0.747,114.8,-4.25,0.49,0.445,0.014,0,301,1
Billie Eilish,latin,2023,41.9,0.539,0.526,0.356,101.4,-7.08,0.19,0.081,0.007,0,237,1
Drake,country,2024,62.8,0.974,0.739,0.505,183.5,-13.15,0.709,0.027,0.084,0,238,1
Post Malone,indie,2024,5.0,0.649,0.425,0.412,175.0,-9.23,0.272,0.132,0.2,0,245,1
Olivia Rodrigo,r&b,2022,3.6,0.489,0.461,0.494,87.4,-12.39,0.367,0.036,0.018,0,302,0
Tyler the Creator,hip-hop,2022,12.9,0.679,0.372,0.769,183.4,-4.86,0.182,0.103,0.009,1,175,1
Ice Spice,country,2024,9.5,0.986,0.576,0.347,177.7,-2.7,0.175,0.074,0.117,0,267,1
Olivia Rodrigo,country,2024,28.0,0.826,0.372,0.19,176.5,-3.17,0.208,0.131,0.063,1,237,1
Lil Baby,hip-hop,2024,1.2,0.731,0.443,0.308,135.8,-11.72,0.127,0.145,0.145,1,177,0
Peso Pluma,pop,2024,7.6,0.75,0.671,0.57,162.3,-5.6,0.061,0.08,0.274,1,229,1
Morgan Wallen,k-pop,2023,2.4,0.533,0.636,0.25,82.4,-11.38,0.756,0.112,0.015,1,291,1
The Weeknd,pop,2022,4.8,0.675,0.322,0.595,110.9,-6.41,0.335,0.252,0.27,0,291,0
Drake,indie,2024,51.1,0.472,0.728,0.783,180.9,-3.23,0.146,0.044,0.241,0,233,1
NewJeans,k-pop,2022,9.1,0.728,0.756,0.761,90.8,-12.39,0.324,0.131,0.015,1,317,1
Lil Baby,latin,2024,31.6,0.705,0.56,0.569,128.8,-5.79,0.333,0.031,0.161,1,290,1
Bad Bunny,afrobeats,2023,84.0,0.783,0.524,0.602,167.0,-8.28,0.373,0.213,0.061,1,259,1
Sabrina Carpenter,dance/edm,2024,49.2,0.893,0.84,0.62,180.5,-8.91,0.24,0.212,0.086,1,202,1
The Weeknd,r&b,2024,29.5,0.751,0.376,0.523,174.7,-11.0,0.396,0.052,0.024,1,149,1
Peso Pluma,pop,2024,88.5,0.705,0.667,0.151,109.9,-9.63,0.107,0.109,0.137,0,247,1
Olivia Rodrigo,country,2023,3.6,0.958,0.806,0.533,164.1,-12.42,0.241,0.014,0.001,0,249,1
Burna Boy,latin,2023,10.8,0.77,0.36,0.828,113.2,-10.71,0.055,0.15,0.05,1,203,1
Peso Pluma,hip-hop,2024,10.2,0.699,0.332,0.183,135.7,-6.74,0.105,0.022,0.159,0,254,1
Taylor Swift,k-pop,2024,47.6,0.743,0.775,0.462,136.9,-5.64,0.216,0.061,0.012,1,242,1
Olivia Rodrigo,k-pop,2024,11.0,0.69,0.472,0.518,171.0,-2.87,0.109,0.001,0.006,1,244,1
Burna Boy,r&b,2024,11.1,0.546,0.64,0.432,140.6,-3.7,0.138,0.033,0.163,1,186,1
Taylor Swift,latin,2023,11.6,0.618,0.779,0.606,94.8,-13.0,0.261,0.221,0.049,0,224,1
Tyler the Creator,pop,2023,10.6,0.542,0.838,0.442,111.2,-3.39,0.168,0.133,0.118,0,275,1
Morgan Wallen,dance/edm,2023,32.0,0.748,0.353,0.832,160.6,-2.28,0.306,0.033,0.046,1,202,1
Bad Bunny,rock,2023,113.2,0.514,0.9,0.411,81.0,-12.68,0.652,0.036,0.126,1,248,1
SZA,country,2024,19.8,0.97,0.355,0.222,148.8,-10.41,0.132,0.05,0.001,1,281,1
Miley Cyrus,dance/edm,2022,18.5,0.771,0.51,0.421,84.8,-4.36,0.481,0.348,0.102,1,219,1
Doja Cat,afrobeats,2024,8.6,0.484,0.5,0.356,172.6,-7.96,0.51,0.102,0.097,0,181,0
Jung Kook,country,2024,31.9,0.843,0.438,0.629,140.3,-8.03,0.23,0.122,0.025,1,306,1
Doja Cat,rock,2022,13.2,0.588,0.707,0.262,70.1,-2.27,0.03,0.056,0.035,1,167,1
Drake,indie,2023,8.6,0.852,0.388,0.211,108.4,-8.84,0.129,0.199,0.006,1,247,0
Sabrina Carpenter,hip-hop,2023,72.5,0.621,0.747,0.504,88.8,-5.33,0.23,0.169,0.063,1,207,1
Ice Spice,afrobeats,2024,130.0,0.517,0.229,0.331,142.9,-8.53,0.18,0.057,0.067,1,251,1
Miley Cyrus,hip-hop,2023,187.6,0.569,0.877,0.506,177.8,-4.61,0.198,0.005,0.117,1,250,1
Morgan Wallen,rock,2024,16.3,0.605,0.674,0.772,178.8,-11.55,0.048,0.008,0.012,0,201,1
Burna Boy,rock,2024,7.2,0.868,0.624,0.706,172.4,-12.89,0.146,0.219,0.006,0,255,1
Dua Lipa,pop,2024,100.4,0.648,0.816,0.389,108.8,-3.22,0.095,0.247,0.026,0,190,1
Morgan Wallen,hip-hop,2024,40.6,0.816,0.652,0.526,72.7,-11.99,0.024,0.085,0.09,0,221,1
Dua Lipa,k-pop,2024,2.0,0.688,0.551,0.595,88.8,-13.4,0.29,0.104,0.004,1,141,1
Drake,pop,2024,49.8,0.97,0.229,0.437,102.6,-6.65,0.19,0.105,0.062,1,234,1
Bad Bunny,hip-hop,2024,60.9,0.626,0.635,0.62,135.1,-3.8,0.419,0.096,0.006,0,202,1
Harry Styles,hip-hop,2022,12.4,0.497,0.824,0.375,169.1,-7.84,0.167,0.132,0.046,0,207,1
Peso Pluma,k-pop,2024,96.3,0.73,0.731,0.292,78.1,-13.4,0.213,0.158,0.13,0,196,1
Zach Bryan,r&b,2022,18.9,0.867,0.7,0.576,87.5,-3.2,0.318,0.012,0.213,0,168,1
Harry Styles,r&b,2023,4.3,0.928,0.627,0.593,101.1,-10.0,0.145,0.122,0.014,1,231,1
Miley Cyrus,indie,2024,8.9,0.844,0.376,0.582,149.2,-3.99,0.064,0.232,0.011,0,282,1
Jung Kook,hip-hop,2023,26.7,0.53,0.339,0.23,91.3,-8.32,0.14,0.071,0.1,1,191,1
Doja Cat,hip-hop,2023,230.4,0.672,0.888,0.505,107.5,-8.4,0.051,0.052,0.004,1,272,1
Kendrick Lamar,afrobeats,2023,115.9,0.554,0.283,0.379,124.4,-11.32,0.4,0.113,0.011,1,253,1
Sabrina Carpenter,r&b,2023,81.7,0.788,0.627,0.396,85.5,-5.1,0.316,0.179,0.046,0,284,1
Lizzo,pop,2024,26.9,0.6,0.453,0.292,168.0,-12.32,0.302,0.04,0.021,1,289,1
Miley Cyrus,r&b,2023,72.7,0.627,0.397,0.751,175.7,-13.26,0.436,0.039,0.083,1,197,1
Dua Lipa,pop,2024,2.7,0.868,0.833,0.546,164.9,-7.16,0.192,0.078,0.013,0,197,1
Lizzo,indie,2024,7.3,0.467,0.474,0.601,105.6,-10.87,0.253,0.229,0.037,1,319,1
Post Malone,afrobeats,2022,9.6,0.861,0.698,0.3,92.3,-2.83,0.036,0.217,0.043,1,280,1
Ice Spice,indie,2024,17.4,0.886,0.516,0.545,74.2,-12.48,0.22,0.264,0.023,1,231,1
Drake,dance/edm,2023,10.6,0.792,0.215,0.625,159.6,-13.57,0.081,0.008,0.02,0,237,1
Olivia Rodrigo,dance/edm,2024,40.8,0.294,0.936,0.413,155.3,-4.31,0.279,0.264,0.004,0,307,1
Bad Bunny,r&b,2024,45.5,0.764,0.598,0.499,92.3,-11.91,0.175,0.104,0.373,1,278,1
Ice Spice,k-pop,2024,90.8,0.82,0.608,0.496,143.2,-8.35,0.014,0.287,0.016,1,160,1
Jung Kook,hip-hop,2024,78.7,0.96,0.732,0.529,108.4,-8.53,0.14,0.19,0.18,1,244,1
Lizzo,indie,2023,42.6,0.698,0.494,0.272,154.1,-12.48,0.021,0.016,0.038,1,170,1
Doja Cat,pop,2023,15.3,0.441,0.487,0.438,83.3,-13.91,0.294,0.05,0.022,0,274,0
Zach Bryan,rock,2022,57.2,0.845,0.82,0.754,79.2,-10.71,0.254,0.021,0.001,0,189,1
Tyler the Creator,r&b,2024,3.1,0.934,0.777,0.594,107.4,-13.05,0.497,0.062,0.107,0,320,1
The Weeknd,pop,2023,18.8,0.796,0.611,0.554,90.7,-8.79,0.183,0.217,0.146,1,311,1
Drake,latin,2023,10.3,0.396,0.689,0.213,123.0,-4.34,0.301,0.101,0.034,0,153,0
Drake,dance/edm,2022,78.9,0.875,0.653,0.2,165.6,-9.25,0.501,0.129,0.11,0,264,1
Post Malone,dance/edm,2023,32.8,0.828,0.737,0.578,164.8,-3.69,0.344,0.129,0.022,0,319,1
Kendrick Lamar,k-pop,2023,164.0,0.739,0.726,0.356,132.3,-11.51,0.031,0.554,0.034,0,316,1
Burna Boy,k-pop,2022,35.2,0.831,0.481,0.692,79.6,-11.63,0.442,0.021,0.03,1,182,1
Peso Pluma,indie,2023,47.0,0.737,0.943,0.47,129.5,-10.03,0.071,0.138,0.019,1,218,1
Jung Kook,hip-hop,2023,4.3,0.856,0.628,0.269,181.0,-5.15,0.384,0.022,0.06,0,240,0
Post Malone,k-pop,2023,21.5,0.602,0.584,0.382,79.4,-3.2,0.201,0.065,0.019,1,190,1
The Weeknd,dance/edm,2022,44.8,0.815,0.764,0.428,137.9,-8.55,0.075,0.021,0.123,0,170,1
Bad Bunny,k-pop,2023,21.7,0.556,0.291,0.243,66.7,-6.03,0.37,0.123,0.095,1,140,1
Drake,afrobeats,2023,164.5,0.451,0.835,0.699,99.4,-10.65,0.174,0.057,0.009,1,273,1
SZA,afrobeats,2023,12.1,0.821,0.452,0.851,96.0,-8.39,0.466,0.081,0.083,0,247,1
Drake,country,2024,10.6,0.754,0.528,0.334,113.1,-13.52,0.086,0.238,0.06,1,285,1
Tyler the Creator,hip-hop,2023,20.2,0.461,0.557,0.625,147.2,-3.85,0.205,0.137,0.11,0,172,1
Dua Lipa,rock,2023,133.2,0.804,0.505,0.784,125.0,-13.47,0.163,0.028,0.027,0,161,1
Olivia Rodrigo,pop,2022,41.1,0.587,0.173,0.128,125.2,-4.63,0.486,0.343,0.051,0,150,0
The Weeknd,rock,2024,386.4,0.455,0.871,0.625,153.6,-11.02,0.397,0.037,0.06,0,177,1
Taylor Swift,rock,2024,15.0,0.789,0.711,0.821,180.8,-4.48,0.239,0.502,0.017,0,151,1
Peso Pluma,rock,2024,40.2,0.772,0.785,0.268,120.3,-8.95,0.289,0.052,0.081,0,309,1
NewJeans,k-pop,2023,4.6,0.766,0.489,0.824,131.8,-8.11,0.196,0.045,0.011,0,244,1
Bad Bunny,hip-hop,2023,43.4,0.696,0.749,0.955,156.6,-6.13,0.296,0.007,0.007,0,296,1
Lil Baby,indie,2023,26.3,0.249,0.502,0.639,72.8,-13.63,0.225,0.056,0.088,1,202,1
Bad Bunny,k-pop,2023,3.3,0.476,0.194,0.327,151.0,-7.86,0.471,0.045,0.016,1,263,1
Zach Bryan,country,2023,18.7,0.739,0.696,0.458,99.9,-2.66,0.087,0.055,0.031,0,194,1
Ice Spice,rock,2022,22.7,0.664,0.631,0.704,83.0,-6.7,0.092,0.002,0.133,0,300,1
Miley Cyrus,k-pop,2022,31.3,0.948,0.722,0.252,182.5,-10.81,0.098,0.09,0.079,0,302,1
Doja Cat,latin,2024,198.5,0.976,0.808,0.415,95.2,-9.11,0.159,0.082,0.029,1,168,1
Lizzo,k-pop,2023,46.3,0.918,0.568,0.379,90.6,-7.98,0.266,0.253,0.085,1,180,1
Doja Cat,dance/edm,2024,11.4,0.693,0.773,0.919,71.6,-9.09,0.327,0.222,0.052,1,252,1
Post Malone,country,2024,62.5,0.765,0.47,0.209,99.1,-8.34,0.442,0.182,0.079,1,175,1
Peso Pluma,country,2024,308.1,0.847,0.511,0.336,160.8,-4.02,0.049,0.17,0.01,0,180,1
Billie Eilish,hip-hop,2023,40.2,0.866,0.714,0.556,163.4,-8.81,0.098,0.006,0.018,0,310,1
SZA,latin,2023,7.8,0.639,0.328,0.736,93.0,-2.96,0.699,0.015,0.014,0,184,0
Drake,latin,2022,8.2,0.502,0.615,0.781,113.0,-3.71,0.102,0.203,0.023,0,203,1
Ice Spice,pop,2022,1.6,0.609,0.693,0.351,108.8,-2.9,0.12,0.177,0.048,0,165,1
Post Malone,country,2023,112.6,0.493,0.799,0.341,154.8,-3.78,0.173,0.03,0.094,1,273,1
Doja Cat,r&b,2024,30.0,0.95,0.73,0.425,140.4,-4.2,0.365,0.183,0.198,0,264,1
Post Malone,k-pop,2024,235.6,0.678,0.822,0.314,177.7,-2.4,0.464,0.29,0.046,0,152,1
NewJeans,r&b,2024,2.8,0.467,0.877,0.651,178.9,-10.44,0.726,0.087,0.322,0,181,1
Harry Styles,rock,2023,31.9,0.541,0.368,0.356,144.3,-10.41,0.074,0.082,0.128,1,197,1
Morgan Wallen,rock,2024,39.5,0.328,0.637,0.64,150.6,-8.17,0.295,0.119,0.128,0,304,1
SZA,indie,2023,101.7,0.686,0.685,0.11,116.8,-3.1,0.092,0.15,0.173,0,203,1
The Weeknd,latin,2024,133.8,0.655,0.843,0.248,180.9,-10.2,0.266,0.146,0.14,0,232,1
Morgan Wallen,latin,2024,5.2,0.631,0.751,0.31,113.6,-10.84,0.399,0.016,0.027,1,253,1
Burna Boy,latin,2023,35.9,0.887,0.781,0.383,173.3,-9.35,0.148,0.102,0.103,1,277,1
Doja Cat,latin,2024,42.2,0.708,0.584,0.643,132.1,-13.31,0.256,0.015,0.082,1,174,1
Post Malone,latin,2022,17.9,0.715,0.717,0.402,137.2,-4.89,0.077,0.149,0.009,1,267,1
Burna Boy,hip-hop,2024,106.3,0.655,0.883,0.317,111.2,-13.67,0.637,0.047,0.157,1,320,1
Doja Cat,pop,2022,37.4,0.954,0.847,0.388,144.0,-4.02,0.371,0.107,0.037,1,291,1
Harry Styles,k-pop,2023,273.2,0.721,0.835,0.445,123.9,-8.11,0.171,0.016,0.018,0,217,1
Peso Pluma,k-pop,2022,96.5,0.778,0.906,0.425,183.1,-2.15,0.062,0.067,0.012,0,316,1
Burna Boy,country,2024,28.5,0.85,0.501,0.695,167.7,-10.86,0.599,0.099,0.019,0,317,1
Dua Lipa,pop,2023,18.9,0.884,0.568,0.584,137.2,-10.55,0.108,0.043,0.111,1,315,1
Dua Lipa,afrobeats,2022,6.6,0.487,0.161,0.514,154.8,-5.81,0.283,0.047,0.279,0,216,0
SZA,r&b,2023,13.0,0.84,0.66,0.604,87.9,-11.66,0.284,0.133,0.008,1,299,1
Lil Baby,rock,2023,120.0,0.798,0.614,0.308,123.4,-6.68,0.366,0.004,0.006,0,156,1
Tyler the Creator,r&b,2023,4.7,0.616,0.439,0.333,147.8,-3.16,0.056,0.13,0.066,1,186,1
Sabrina Carpenter,afrobeats,2023,282.1,0.888,0.382,0.236,160.1,-4.56,0.165,0.191,0.077,1,207,1
SZA,hip-hop,2024,67.5,0.396,0.305,0.396,110.0,-9.6,0.256,0.038,0.043,1,310,1
Drake,indie,2024,486.1,0.669,0.271,0.614,138.5,-13.33,0.057,0.144,0.035,1,266,1
Post Malone,country,2024,56.1,0.807,0.822,0.516,99.2,-8.88,0.462,0.012,0.191,1,143,1
Tyler the Creator,afrobeats,2023,20.3,0.853,0.607,0.591,107.3,-8.42,0.132,0.122,0.11,0,221,1
Harry Styles,r&b,2022,77.5,0.6,0.685,0.344,167.2,-8.15,0.499,0.334,0.069,1,301,1
Doja Cat,afrobeats,2024,108.9,0.69,0.782,0.258,104.1,-11.2,0.512,0.22,0.028,0,291,1
Peso Pluma,k-pop,2024,21.2,0.566,0.822,0.688,121.8,-11.32,0.004,0.311,0.193,0,292,1
Lizzo,k-pop,2024,4.7,0.648,0.87,0.673,131.6,-6.87,0.101,0.069,0.068,0,148,1
Drake,r&b,2022,82.4,0.877,0.731,0.507,113.1,-13.25,0.152,0.031,0.179,1,146,1
Peso Pluma,pop,2024,34.0,0.815,0.476,0.149,148.7,-7.4,0.047,0.002,0.211,0,300,1
SZA,afrobeats,2023,20.1,0.55,0.507,0.401,177.0,-11.53,0.474,0.058,0.101,1,195,1
NewJeans,indie,2024,72.1,0.675,0.434,0.197,139.3,-3.71,0.132,0.019,0.227,0,148,1
Peso Pluma,pop,2023,7.7,0.923,0.452,0.366,148.0,-11.41,0.398,0.289,0.044,1,262,1
Doja Cat,latin,2023,205.4,0.738,0.473,0.82,163.5,-7.46,0.131,0.081,0.053,1,312,1
Dua Lipa,indie,2023,17.6,0.736,0.906,0.369,182.3,-4.49,0.465,0.029,0.068,0,235,1
Lil Baby,latin,2023,20.3,0.637,0.7,0.389,161.0,-8.06,0.182,0.26,0.037,1,157,1
Morgan Wallen,afrobeats,2024,22.8,0.803,0.592,0.58,149.1,-3.67,0.31,0.187,0.049,1,301,1
Dua Lipa,afrobeats,2023,8.1,0.702,0.291,0.492,111.6,-2.9,0.279,0.082,0.014,0,264,0
Miley Cyrus,pop,2024,13.1,0.658,0.884,0.262,124.5,-4.47,0.188,0.007,0.005,0,269,1
Bad Bunny,r&b,2023,78.4,0.851,0.759,0.575,66.3,-13.28,0.702,0.019,0.017,0,239,1
Harry Styles,country,2023,3.7,0.686,0.764,0.416,158.7,-13.67,0.366,0.02,0.064,1,213,1
Zach Bryan,hip-hop,2024,17.1,0.569,0.435,0.411,121.4,-8.15,0.373,0.17,0.028,0,297,1
Kendrick Lamar,latin,2024,5.2,0.734,0.775,0.338,81.7,-4.76,0.164,0.068,0.067,0,302,1
Drake,indie,2023,78.8,0.753,0.577,0.445,88.9,-13.39,0.177,0.13,0.196,0,280,1
Miley Cyrus,afrobeats,2022,15.2,0.63,0.363,0.803,156.5,-11.94,0.37,0.229,0.021,1,211,1
Jung Kook,afrobeats,2024,25.5,0.899,0.768,0.921,89.6,-5.92,0.238,0.14,0.021,1,183,1
Bad Bunny,latin,2022,50.6,0.647,0.796,0.464,115.9,-8.75,0.252,0.163,0.003,0,180,1
SZA,k-pop,2024,8.0,0.764,0.493,0.213,179.5,-2.7,0.038,0.074,0.009,0,171,1
Olivia Rodrigo,latin,2023,106.5,0.906,0.862,0.407,119.6,-5.48,0.355,0.121,0.158,0,295,1
Burna Boy,k-pop,2022,57.8,0.626,0.185,0.655,156.1,-12.32,0.088,0.136,0.033,0,235,1
Lil Baby,dance/edm,2023,89.8,0.683,0.816,0.886,127.5,-13.71,0.193,0.145,0.192,1,284,1
Ice Spice,country,2024,117.3,0.907,0.604,0.45,171.0,-8.88,0.361,0.323,0.013,1,227,1
Dua Lipa,k-pop,2024,33.8,0.883,0.425,0.445,162.8,-8.79,0.165,0.212,0.045,1,258,1
Post Malone,rock,2024,15.4,0.841,0.912,0.529,123.4,-2.03,0.151,0.281,0.014,1,318,1
Zach Bryan,indie,2024,89.7,0.889,0.979,0.475,97.1,-10.5,0.304,0.035,0.025,0,181,1
Post Malone,dance/edm,2024,353.8,0.702,0.605,0.561,135.5,-12.59,0.107,0.278,0.067,1,281,1
Zach Bryan,r&b,2022,27.1,0.923,0.567,0.567,180.0,-4.98,0.282,0.167,0.018,1,226,1
NewJeans,latin,2023,15.2,0.524,0.362,0.58,161.0,-8.54,0.356,0.012,0.118,1,295,1
Tyler the Creator,pop,2024,7.7,0.774,0.33,0.943,152.9,-4.8,0.377,0.157,0.116,1,143,1
Bad Bunny,dance/edm,2023,64.1,0.83,0.508,0.647,160.3,-2.67,0.15,0.1,0.005,0,188,1
Post Malone,r&b,2024,30.0,0.371,0.542,0.713,158.1,-9.17,0.09,0.187,0.148,0,222,1
Taylor Swift,pop,2024,75.8,0.543,0.727,0.37,68.9,-3.98,0.095,0.106,0.054,0,159,1
Billie Eilish,dance/edm,2022,8.8,0.397,0.713,0.532,92.8,-10.68,0.172,0.196,0.018,0,247,1
Peso Pluma,hip-hop,2024,36.7,0.966,0.374,0.392,175.2,-5.59,0.064,0.019,0.024,1,287,1
Lil Baby,afrobeats,2023,16.9,0.747,0.706,0.241,182.3,-9.13,0.17,0.169,0.003,0,195,1
Jung Kook,pop,2024,10.7,0.716,0.725,0.553,167.9,-12.25,0.148,0.069,0.0,1,155,1
Lizzo,dance/edm,2023,168.2,0.614,0.47,0.205,97.4,-8.24,0.141,0.087,0.016,0,165,1
Dua Lipa,rock,2024,40.8,0.54,0.688,0.784,128.4,-12.21,0.012,0.112,0.102,0,191,1
Burna Boy,country,2024,2.6,0.819,0.545,0.382,172.5,-11.22,0.353,0.042,0.016,0,200,0
SZA,k-pop,2023,10.7,0.874,0.387,0.41,155.4,-7.32,0.07,0.234,0.107,1,315,1
Lizzo,indie,2023,3.8,0.766,0.411,0.244,128.7,-3.19,0.258,0.104,0.021,1,253,0
Peso Pluma,pop,2023,12.3,0.435,0.738,0.488,143.0,-5.45,0.061,0.012,0.096,0,206,1
Burna Boy,r&b,2023,348.2,0.743,0.547,0.767,166.7,-13.64,0.314,0.407,0.039,1,305,1
Lizzo,pop,2024,45.1,0.843,0.807,0.51,129.8,-10.55,0.363,0.135,0.004,1,140,1
Drake,k-pop,2022,9.7,0.707,0.578,0.53,134.2,-5.24,0.266,0.048,0.027,1,274,1
Drake,hip-hop,2023,12.8,0.825,0.778,0.384,145.8,-12.3,0.14,0.235,0.001,0,275,1
Lizzo,rock,2023,84.7,0.707,0.747,0.496,180.1,-3.06,0.224,0.162,0.091,1,268,1
NewJeans,r&b,2022,32.5,0.92,0.655,0.519,107.6,-4.06,0.095,0.083,0.069,1,279,1
Post Malone,indie,2023,45.5,0.903,0.709,0.627,174.4,-11.5,0.021,0.068,0.001,1,267,1
Drake,afrobeats,2024,115.9,0.813,0.724,0.375,135.4,-4.92,0.143,0.294,0.035,1,318,1
Kendrick Lamar,indie,2023,7.2,0.815,0.475,0.446,127.4,-11.56,0.323,0.089,0.021,0,250,1
Burna Boy,country,2024,95.5,0.791,0.399,0.247,153.4,-7.66,0.159,0.212,0.093,1,144,1
Drake,afrobeats,2023,21.2,0.598,0.671,0.437,182.7,-8.53,0.28,0.056,0.1,0,197,1
Lil Baby,rock,2024,13.2,0.721,0.701,0.698,184.4,-11.26,0.246,0.199,0.137,0,140,1
Ice Spice,afrobeats,2023,13.9,0.721,0.524,0.333,110.4,-9.12,0.167,0.087,0.017,1,170,1
Harry Styles,r&b,2022,55.6,0.73,0.918,0.901,117.1,-9.31,0.027,0.012,0.336,1,211,1
Bad Bunny,r&b,2023,10.6,0.604,0.897,0.518,72.0,-2.68,0.564,0.004,0.077,0,181,1
The Weeknd,r&b,2024,21.4,0.831,0.233,0.549,93.6,-7.84,0.332,0.108,0.099,0,183,1
Morgan Wallen,rock,2024,12.7,0.781,0.529,0.198,85.4,-11.76,0.035,0.052,0.041,1,315,1
SZA,k-pop,2022,49.2,0.623,0.579,0.477,113.3,-2.87,0.153,0.127,0.28,0,176,1
Burna Boy,hip-hop,2024,1078.2,0.713,0.347,0.412,135.9,-4.73,0.113,0.213,0.004,1,198,1
Ice Spice,dance/edm,2024,228.0,0.883,0.548,0.589,119.9,-4.28,0.297,0.134,0.159,0,159,1
Lizzo,country,2023,12.3,0.615,0.791,0.419,159.9,-7.61,0.226,0.202,0.114,0,256,1
Ice Spice,indie,2022,80.7,0.624,0.391,0.301,166.6,-4.53,0.084,0.245,0.062,1,269,1
Zach Bryan,indie,2024,24.0,0.393,0.717,0.514,70.6,-7.74,0.436,0.073,0.049,0,194,1
Zach Bryan,hip-hop,2023,2.6,0.388,0.913,0.439,72.2,-5.21,0.099,0.054,0.006,0,255,1
Drake,indie,2024,7.1,0.505,0.402,0.491,79.2,-13.0,0.643,0.03,0.23,1,169,1
Billie Eilish,k-pop,2023,67.3,0.583,0.226,0.447,183.9,-11.33,0.219,0.195,0.017,1,274,1
Drake,latin,2023,1.5,0.672,0.536,0.513,131.3,-9.86,0.272,0.284,0.061,1,208,0
Doja Cat,indie,2023,7.9,0.367,0.632,0.14,180.2,-6.25,0.134,0.215,0.003,1,297,1
Taylor Swift,afrobeats,2024,184.0,0.489,0.401,0.722,120.6,-5.08,0.254,0.003,0.203,0,254,1
Peso Pluma,r&b,2024,41.2,0.877,0.539,0.506,81.6,-2.59,0.483,0.42,0.006,0,315,1
Peso Pluma,indie,2023,109.3,0.861,0.969,0.635,160.3,-10.15,0.124,0.397,0.159,0,190,1
Zach Bryan,pop,2024,9.4,0.984,0.559,0.363,79.2,-5.76,0.364,0.01,0.011,0,170,1
Dua Lipa,country,2023,158.6,0.951,0.573,0.325,77.4,-4.83,0.174,0.314,0.001,0,213,1
Morgan Wallen,hip-hop,2024,23.6,0.995,0.757,0.4,119.4,-12.3,0.092,0.143,0.041,0,176,1
Sabrina Carpenter,k-pop,2024,58.7,0.663,0.724,0.305,143.0,-3.19,0.093,0.285,0.034,1,243,1
The Weeknd,indie,2023,69.2,0.628,0.715,0.776,81.4,-4.28,0.344,0.019,0.054,0,163,1
Peso Pluma,r&b,2023,5.0,0.905,0.359,0.201,181.3,-4.24,0.201,0.07,0.024,0,320,1
Lil Baby,afrobeats,2023,149.9,0.803,0.823,0.417,68.9,-2.24,0.229,0.157,0.014,1,289,1
Drake,dance/edm,2024,2.1,0.649,0.671,0.152,124.6,-3.05,0.429,0.017,0.039,0,237,0
Tyler the Creator,country,2024,74.1,0.829,0.419,0.542,184.5,-8.65,0.017,0.083,0.022,0,309,1
Kendrick Lamar,afrobeats,2023,5.6,0.459,0.807,0.513,167.2,-2.35,0.103,0.127,0.058,0,146,1
Lil Baby,hip-hop,2022,13.1,0.715,0.714,0.318,125.6,-8.44,0.404,0.08,0.242,0,249,1
Billie Eilish,k-pop,2024,21.8,0.783,0.703,0.662,111.0,-11.02,0.329,0.195,0.013,0,202,1
Ice Spice,pop,2024,9.4,0.698,0.731,0.509,72.6,-10.4,0.096,0.203,0.104,0,244,1
Taylor Swift,k-pop,2022,82.6,0.75,0.731,0.631,99.7,-13.66,0.472,0.097,0.014,1,301,1
Lizzo,rock,2024,30.2,0.896,0.325,0.499,176.6,-9.43,0.271,0.05,0.061,0,315,1
Harry Styles,pop,2024,78.9,0.466,0.703,0.532,136.9,-9.45,0.227,0.015,0.13,0,223,1
Billie Eilish,indie,2022,76.0,0.693,0.449,0.302,94.1,-4.61,0.143,0.221,0.008,0,153,1
Burna Boy,dance/edm,2024,84.1,0.628,0.698,0.519,76.1,-3.07,0.598,0.475,0.091,1,263,1
Tyler the Creator,indie,2022,15.4,0.965,0.64,0.596,175.3,-13.36,0.181,0.047,0.178,1,302,1
NewJeans,k-pop,2024,15.7,0.834,0.816,0.584,169.4,-3.85,0.077,0.116,0.16,0,241,1
Kendrick Lamar,r&b,2024,69.0,0.766,0.279,0.195,94.6,-13.5,0.358,0.344,0.015,0,319,1
Harry Styles,k-pop,2024,140.9,0.82,0.869,0.777,91.1,-5.55,0.212,0.395,0.014,1,277,1
SZA,afrobeats,2024,33.1,0.444,0.547,0.214,92.9,-4.28,0.509,0.028,0.047,1,178,1
Bad Bunny,afrobeats,2022,16.9,0.353,0.813,0.331,65.3,-13.24,0.273,0.007,0.153,0,280,1
Taylor Swift,dance/edm,2022,27.8,0.61,0.798,0.794,114.0,-2.21,0.11,0.081,0.026,1,224,1
NewJeans,rock,2023,4.8,0.304,0.328,0.179,127.7,-13.82,0.439,0.065,0.103,1,275,0
Bad Bunny,afrobeats,2024,31.9,0.452,0.334,0.642,178.2,-12.41,0.143,0.004,0.132,0,158,1
Zach Bryan,r&b,2023,91.2,0.853,0.558,0.3,97.0,-12.05,0.284,0.01,0.244,1,235,1
Ice Spice,r&b,2024,25.3,0.569,0.887,0.432,71.3,-11.94,0.526,0.311,0.051,0,207,1
NewJeans,indie,2024,6.2,0.734,0.547,0.587,116.3,-5.03,0.013,0.165,0.037,1,141,1
Dua Lipa,hip-hop,2022,178.2,0.884,0.62,0.485,167.9,-9.86,0.29,0.107,0.022,0,158,1
Billie Eilish,latin,2023,131.0,0.504,0.417,0.46,168.4,-2.25,0.211,0.064,0.08,0,198,1
Tyler the Creator,k-pop,2024,3.9,0.511,0.597,0.479,86.9,-4.1,0.331,0.02,0.077,0,161,0
Drake,pop,2023,68.0,0.454,0.744,0.382,173.1,-4.58,0.45,0.047,0.184,1,290,1
Burna Boy,country,2023,6.3,0.651,0.705,0.852,155.1,-13.21,0.047,0.05,0.047,0,278,1
Peso Pluma,afrobeats,2022,92.4,0.876,0.477,0.727,133.3,-7.07,0.334,0.152,0.112,0,314,1
Tyler the Creator,afrobeats,2024,135.1,0.732,0.433,0.781,183.2,-10.24,0.096,0.05,0.052,0,224,1
Post Malone,pop,2024,69.2,0.51,0.564,0.399,179.9,-2.92,0.127,0.018,0.028,0,311,1
Zach Bryan,k-pop,2024,62.5,0.488,0.834,0.527,144.2,-13.19,0.071,0.14,0.044,1,290,1
Olivia Rodrigo,pop,2022,10.2,0.624,0.504,0.202,174.0,-8.24,0.111,0.32,0.007,0,179,1
Taylor Swift,latin,2023,4.8,0.55,0.273,0.467,141.1,-2.26,0.214,0.034,0.135,0,173,0
Miley Cyrus,pop,2022,25.1,0.802,0.582,0.358,147.3,-5.09,0.192,0.034,0.137,1,210,1
Burna Boy,hip-hop,2024,20.9,0.927,0.588,0.561,111.0,-5.59,0.273,0.084,0.049,1,294,1
Miley Cyrus,rock,2024,15.7,0.631,0.531,0.461,131.6,-10.15,0.329,0.244,0.008,1,219,0
Lizzo,rock,2024,3.6,0.723,0.51,0.628,162.8,-4.29,0.072,0.159,0.038,1,284,0
Sabrina Carpenter,dance/edm,2023,42.9,0.885,0.647,0.48,173.7,-12.48,0.264,0.002,0.189,0,242,1
Zach Bryan,r&b,2023,51.2,0.937,0.373,0.496,71.3,-5.99,0.189,0.058,0.192,0,245,1
Peso Pluma,indie,2023,9.7,0.535,0.214,0.322,70.8,-8.03,0.271,0.005,0.157,0,287,0
Burna Boy,country,2022,15.3,0.587,0.902,0.339,72.9,-11.76,0.302,0.166,0.138,1,317,1
Drake,indie,2023,9.0,0.541,0.273,0.225,90.6,-11.18,0.061,0.142,0.118,0,198,1
Olivia Rodrigo,country,2023,10.9,0.659,0.62,0.802,107.5,-3.86,0.305,0.128,0.041,1,207,1
Olivia Rodrigo,r&b,2022,63.4,0.782,0.816,0.746,183.9,-6.42,0.113,0.046,0.029,1,202,1
Bad Bunny,rock,2023,5.5,0.918,0.39,0.706,144.2,-11.36,0.354,0.151,0.062,1,151,1
Dua Lipa,indie,2024,2.2,0.671,0.781,0.497,183.2,-6.91,0.14,0.017,0.115,0,202,1
Morgan Wallen,country,2022,42.2,0.765,0.789,0.447,80.8,-6.18,0.255,0.189,0.016,0,188,1
Morgan Wallen,hip-hop,2023,23.2,0.531,0.384,0.807,120.7,-10.33,0.255,0.134,0.057,0,148,1
Ice Spice,indie,2024,317.1,0.812,0.609,0.276,108.0,-7.17,0.362,0.133,0.061,0,200,1
Morgan Wallen,afrobeats,2024,54.4,0.841,0.437,0.311,160.0,-10.34,0.06,0.167,0.081,0,313,1
Dua Lipa,pop,2022,81.8,0.896,0.664,0.528,77.0,-12.11,0.628,0.082,0.023,0,289,1
Lil Baby,hip-hop,2024,37.8,0.545,0.521,0.301,168.7,-7.65,0.261,0.365,0.075,1,206,1
